-- phpMyAdmin SQL Dump
-- version 5.0.3
-- https://www.phpmyadmin.net/
--
-- Host: 127.0.0.1
-- Generation Time: Oct 26, 2020 at 01:01 PM
-- Server version: 10.4.14-MariaDB
-- PHP Version: 7.4.11

SET SQL_MODE = "NO_AUTO_VALUE_ON_ZERO";
START TRANSACTION;
SET time_zone = "+00:00";


/*!40101 SET @OLD_CHARACTER_SET_CLIENT=@@CHARACTER_SET_CLIENT */;
/*!40101 SET @OLD_CHARACTER_SET_RESULTS=@@CHARACTER_SET_RESULTS */;
/*!40101 SET @OLD_COLLATION_CONNECTION=@@COLLATION_CONNECTION */;
/*!40101 SET NAMES utf8mb4 */;

--
-- Database: `urms`
--

-- --------------------------------------------------------

--
-- Table structure for table `department`
--

CREATE TABLE `department` (
  `dept_id` varchar(30) NOT NULL,
  `dept_name` varchar(30) NOT NULL,
  `hod` varchar(30) NOT NULL
) ENGINE=InnoDB DEFAULT CHARSET=utf8mb4;

--
-- Dumping data for table `department`
--

INSERT INTO `department` (`dept_id`, `dept_name`, `hod`) VALUES
('CE2017', 'Computer Engineering', 'Dr. Budditha Hettige'),
('CS2016', 'Computer Science', 'Dr. Pradeep Kalansooriya'),
('SE2018', 'Computational Mathematics', 'Dr. Ajith De Mel');

-- --------------------------------------------------------

--
-- Table structure for table `lecturer`
--

CREATE TABLE `lecturer` (
  `lec_id` varchar(30) NOT NULL,
  `dept_id` varchar(30) NOT NULL,
  `lec_name` varchar(30) NOT NULL,
  `lec_email` varchar(30) NOT NULL
) ENGINE=InnoDB DEFAULT CHARSET=utf8mb4;

--
-- Dumping data for table `lecturer`
--

INSERT INTO `lecturer` (`lec_id`, `dept_id`, `lec_name`, `lec_email`) VALUES
('ji6JL2yD70YnW5dCWdIKUKu3nQB2', 'SE2018', 'CG', 'cgtharindi@gmail.com'),
('mJtVUbjnQGW8Fkvtmhdk3iqtj932', 'SE2018', 'Rerragio', 'aceghost360@gmail.com'),
('zcYZU4H0ozOAqFGmCK7eiD6apxI2', 'SE2018', 'Shelanthi', 'psmdesilva@gmail.com'),
('zZun0os4YkRStobl6BnYjdLDTgU2', 'SE2018', 'Pramudhi', 'ppramudhi@ymail.com');

-- --------------------------------------------------------

--
-- Table structure for table `lecturer_result`
--

CREATE TABLE `lecturer_result` (
  `lec_id` varchar(30) NOT NULL,
  `mod_id` varchar(30) NOT NULL,
  `submit_date` timestamp NOT NULL DEFAULT current_timestamp()
) ENGINE=InnoDB DEFAULT CHARSET=utf8mb4;

--
-- Dumping data for table `lecturer_result`
--

INSERT INTO `lecturer_result` (`lec_id`, `mod_id`, `submit_date`) VALUES
('ji6JL2yD70YnW5dCWdIKUKu3nQB2', 'CS2000', '2020-10-24 17:27:40'),
('ji6JL2yD70YnW5dCWdIKUKu3nQB2', 'CS2011', '2020-10-26 09:52:03'),
('ji6JL2yD70YnW5dCWdIKUKu3nQB2', 'CS2912', '2020-10-26 11:52:28'),
('zcYZU4H0ozOAqFGmCK7eiD6apxI2', 'CS2011', '2020-10-24 12:26:19'),
('zZun0os4YkRStobl6BnYjdLDTgU2', 'CS2000', '2020-10-24 17:36:51'),
('zZun0os4YkRStobl6BnYjdLDTgU2', 'CS2011', '2020-10-26 09:51:26'),
('zZun0os4YkRStobl6BnYjdLDTgU2', 'CS2912', '2020-10-24 12:25:19');

-- --------------------------------------------------------

--
-- Table structure for table `module`
--

CREATE TABLE `module` (
  `mod_id` varchar(30) NOT NULL,
  `dep_id` varchar(30) NOT NULL,
  `lec_id` varchar(30) NOT NULL,
  `mod_name` varchar(30) NOT NULL,
  `mod_credit` int(1) NOT NULL,
  `semester` int(1) NOT NULL
) ENGINE=InnoDB DEFAULT CHARSET=utf8mb4;

--
-- Dumping data for table `module`
--

INSERT INTO `module` (`mod_id`, `dep_id`, `lec_id`, `mod_name`, `mod_credit`, `semester`) VALUES
('CS2000', 'CS2016', 'zZun0os4YkRStobl6BnYjdLDTgU2', 'FP', 2, 2),
('CS2009', 'SE2018', 'mJtVUbjnQGW8Fkvtmhdk3iqtj932', 'GPSD', 3, 6),
('CS2011', 'SE2018', 'ji6JL2yD70YnW5dCWdIKUKu3nQB2', 'AOAC', 2, 5),
('CS2011', 'SE2018', 'zcYZU4H0ozOAqFGmCK7eiD6apxI2', 'DSA', 3, 6),
('CS2912', 'SE2018', 'zZun0os4YkRStobl6BnYjdLDTgU2', 'AI', 2, 2);

-- --------------------------------------------------------

--
-- Table structure for table `result`
--

CREATE TABLE `result` (
  `st_id` varchar(30) NOT NULL,
  `mod_id` varchar(30) NOT NULL,
  `cas` varchar(30) NOT NULL,
  `es_1` varchar(30) NOT NULL,
  `es_2` varchar(30) NOT NULL,
  `final` varchar(30) NOT NULL,
  `mark` varchar(30) NOT NULL,
  `lastUpdate` timestamp NOT NULL DEFAULT current_timestamp()
) ENGINE=InnoDB DEFAULT CHARSET=utf8mb4;

--
-- Dumping data for table `result`
--

INSERT INTO `result` (`st_id`, `mod_id`, `cas`, `es_1`, `es_2`, `final`, `mark`, `lastUpdate`) VALUES
('D/BCE/19/0002', 'CS2000', '87', '66', '66', '66', '12,4,11,9,8,13', '2020-10-24 17:41:38'),
('D/BCE/19/0002', 'CS2011', '87', '66', '65.30000000000001', '66', '2,10,3,11,16,14', '2020-10-26 09:51:25'),
('D/BCE/19/0002', 'CS2912', '87', '65.30000000000001', '65.30000000000001', '65', '2,10,3,11,16,14', '2020-10-26 11:49:21'),
('D/BCE/19/0003', 'CS2000', '11', '33.4', '33.4', '33', '14,0,3,10,5,11', '2020-10-24 17:41:38'),
('D/BCE/19/0003', 'CS2011', '11', '25', '25', '25', '14,4,0,3,12,15', '2020-10-26 09:51:25'),
('D/BCE/19/0003', 'CS2912', '11', '36.9', '36.9', '37', '14,4,0,3,12,15', '2020-10-26 11:49:21'),
('D/BCE/19/0004', 'CS2000', '53', '46', '46', '46', '14,14,2,1,1,11', '2020-10-24 17:41:38'),
('D/BCE/19/0004', 'CS2011', '53', '89', '89', '89', '15,16,10,5,0,16', '2020-10-26 09:51:25'),
('D/BCE/19/0004', 'CS2912', '53', '59.3', '59.3', '59', '15,16,10,5,0,16', '2020-10-26 11:49:21'),
('D/BCE/19/0005', 'CS2000', '6', '40.3', '40.3', '40', '8,11,12,4,16,4', '2020-10-24 17:41:39'),
('D/BCE/19/0005', 'CS2011', '6', '12', '12', '12', '6,12,14,4,10,5', '2020-10-26 09:51:25'),
('D/BCE/19/0005', 'CS2912', '6', '37.5', '37.5', '38', '6,12,14,4,10,5', '2020-10-26 11:49:21'),
('D/BCE/19/0006', 'CS2000', '17', '40.1', '40.1', '40', '3,9,11,14,8,5', '2020-10-24 17:41:39'),
('D/BCE/19/0006', 'CS2011', '17', '99', '99', '99', '4,3,11,1,6,0', '2020-10-26 09:51:25'),
('D/BCE/19/0006', 'CS2912', '17', '22.6', '22.6', '23', '4,3,11,1,6,0', '2020-10-26 11:49:21'),
('D/BCE/19/0007', 'CS2000', '81', '60.7', '60.7', '61', '11,7,14,14,1,5', '2020-10-24 17:41:39'),
('D/BCE/19/0007', 'CS2011', '81', '100', '100', '100', '15,5,15,6,8,13', '2020-10-26 09:51:25'),
('D/BCE/19/0007', 'CS2912', '81', '67.7', '67.7', '68', '15,5,15,6,8,13', '2020-10-26 11:49:21'),
('D/BCE/19/0008', 'CS2000', '21', '24.5', '24.5', '25', '4,1,5,2,12,2', '2020-10-24 17:41:39'),
('D/BCE/19/0008', 'CS2011', '21', '36', '36', '36', '16,11,11,10,12,8', '2020-10-26 09:51:25'),
('D/BCE/19/0008', 'CS2912', '21', '53.9', '53.9', '54', '16,11,11,10,12,8', '2020-10-26 11:49:21'),
('D/BCE/19/0009', 'CS2000', '37', '41.9', '41.9', '42', '1,11,1,8,9,14', '2020-10-24 17:41:39'),
('D/BCE/19/0009', 'CS2011', '37', '41.9', '41.9', '42', '4,14,9,0,4,13', '2020-10-26 09:51:25'),
('D/BCE/19/0009', 'CS2912', '37', '41.9', '41.9', '42', '4,14,9,0,4,13', '2020-10-26 11:49:22'),
('D/BCE/19/0010', 'CS2000', '73', '41.5', '41.5', '42', '11,1,2,3,0,11', '2020-10-24 17:41:39'),
('D/BCE/19/0010', 'CS2011', '73', '87', '87', '87', '13,3,9,7,8,8', '2020-10-26 09:51:25'),
('D/BCE/19/0010', 'CS2912', '73', '55.5', '55.5', '56', '13,3,9,7,8,8', '2020-10-26 11:49:23'),
('D/BCE/19/0011', 'CS2000', '68', '58.199999999999996', '58.199999999999996', '58', '14,9,10,0,5,16', '2020-10-24 17:41:39'),
('D/BCE/19/0011', 'CS2011', '68', '36', '36', '36', '15,3,3,15,12,13', '2020-10-26 09:51:25'),
('D/BCE/19/0011', 'CS2912', '68', '63.1', '63.1', '63', '15,3,3,15,12,13', '2020-10-26 11:49:23'),
('D/BCE/19/0012', 'CS2000', '38', '31.700000000000003', '31.700000000000003', '32', '4,0,4,1,4,16', '2020-10-24 17:41:39'),
('D/BCE/19/0012', 'CS2011', '38', '50', '50', '50', '9,7,11,2,10,13', '2020-10-26 09:51:25'),
('D/BCE/19/0012', 'CS2912', '38', '47.8', '47.8', '48', '9,7,11,2,10,13', '2020-10-26 11:49:23'),
('D/BCE/19/0013', 'CS2000', '34', '33.3', '33.3', '33', '14,10,1,8,0,0', '2020-10-24 17:41:39'),
('D/BCE/19/0013', 'CS2011', '34', '89', '89', '89', '4,8,9,14,3,9', '2020-10-26 09:51:25'),
('D/BCE/19/0013', 'CS2912', '34', '43.099999999999994', '43.099999999999994', '43', '4,8,9,14,3,9', '2020-10-26 11:49:23'),
('D/BCS/19/0002', 'CS2000', '90', '59.9', '59.9', '60', '2,10,15,4,2,14', '2020-10-24 17:41:39'),
('D/BCS/19/0002', 'CS2011', '90', '50', '50', '50', '2,8,4,4,11,4', '2020-10-26 09:51:25'),
('D/BCS/19/0002', 'CS2912', '90', '50.1', '50.1', '50', '2,8,4,4,11,4', '2020-10-26 11:49:23'),
('D/BCS/19/0003', 'CS2000', '32', '46.7', '46.7', '47', '16,15,13,7,1,1', '2020-10-24 17:41:39'),
('D/BCS/19/0003', 'CS2011', '32', '46.7', '47.4', '47', '16,6,0,9,8,15', '2020-10-26 09:51:25'),
('D/BCS/19/0003', 'CS2912', '32', '47.4', '47.4', '47', '16,6,0,9,8,15', '2020-10-26 11:49:23'),
('D/BCS/19/0004', 'CS2000', '84', '47.599999999999994', '47.599999999999994', '48', '5,2,0,12,7,6', '2020-10-24 17:41:39'),
('D/BCS/19/0004', 'CS2011', '84', '78', '78', '78', '4,15,16,15,1,4', '2020-10-26 09:51:25'),
('D/BCS/19/0004', 'CS2912', '84', '63.7', '63.7', '64', '4,15,16,15,1,4', '2020-10-26 11:49:23'),
('D/BCS/19/0005', 'CS2000', '84', '60.2', '60.2', '60', '10,12,16,3,2,7', '2020-10-24 17:41:39'),
('D/BCS/19/0005', 'CS2011', '84', '78', '78', '78', '5,15,2,6,4,4', '2020-10-26 09:51:25'),
('D/BCS/19/0005', 'CS2912', '84', '50.4', '50.4', '50', '5,15,2,6,4,4', '2020-10-26 11:49:23'),
('D/BCS/19/0006', 'CS2000', '47', '55.4', '55.4', '55', '16,3,7,16,4,13', '2020-10-24 17:41:39'),
('D/BCS/19/0006', 'CS2011', '47', '36', '36', '36', '13,0,0,12,11,5', '2020-10-26 09:51:26'),
('D/BCS/19/0006', 'CS2912', '47', '42.8', '42.8', '43', '13,0,0,12,11,5', '2020-10-26 11:49:23'),
('D/BCS/19/0007', 'CS2000', '17', '31', '31', '31', '5,4,0,7,7,14', '2020-10-24 17:41:39'),
('D/BCS/19/0007', 'CS2011', '17', '32', '32', '32', '10,5,10,14,8,0', '2020-10-26 09:51:25'),
('D/BCS/19/0007', 'CS2912', '17', '38', '38', '38', '10,5,10,14,8,0', '2020-10-26 11:49:23'),
('D/BCS/19/0008', 'CS2000', '44', '42.599999999999994', '42.599999999999994', '43', '5,14,5,0,11,7', '2020-10-24 17:41:39'),
('D/BCS/19/0008', 'CS2011', '44', '78', '78', '78', '2,11,14,14,16,12', '2020-10-26 09:51:25'),
('D/BCS/19/0008', 'CS2912', '44', '61.5', '61.5', '62', '2,11,14,14,16,12', '2020-10-26 11:49:23'),
('D/BCS/19/0009', 'CS2000', '0', '28', '28', '28', '9,5,14,3,6,3', '2020-10-24 17:41:39'),
('D/BCS/19/0009', 'CS2011', '0', '25', '25', '25', '13,14,4,2,8,4', '2020-10-26 09:51:25'),
('D/BCS/19/0009', 'CS2912', '0', '31.5', '31.5', '32', '13,14,4,2,8,4', '2020-10-26 11:49:23'),
('D/BCS/19/0010', 'CS2000', '29', '29.7', '29.7', '30', '8,5,5,5,7,0', '2020-10-24 17:41:39'),
('D/BCS/19/0010', 'CS2011', '29', '78', '78', '78', '6,7,4,16,11,2', '2020-10-26 09:51:26'),
('D/BCS/19/0010', 'CS2912', '29', '40.900000000000006', '40.900000000000006', '41', '6,7,4,16,11,2', '2020-10-26 11:49:23'),
('D/BCS/19/0011', 'CS2000', '11', '32', '32', '32', '1,1,11,13,5,10', '2020-10-24 17:41:40'),
('D/BCS/19/0011', 'CS2011', '11', '78', '78', '78', '4,15,13,8,10,2', '2020-10-26 09:51:26'),
('D/BCS/19/0011', 'CS2912', '11', '39.699999999999996', '39.699999999999996', '40', '4,15,13,8,10,2', '2020-10-26 11:49:23'),
('D/BSE/19/0001', 'CS2000', '20', '47.3', '47.3', '47', '8,3,16,16,10,6', '2020-10-24 17:41:38'),
('D/BSE/19/0001', 'CS2011', '20', '78', '78', '78', '8,1,2,9,13,9', '2020-10-26 09:51:24'),
('D/BSE/19/0001', 'CS2912', '20', '35.4', '35.4', '35', '8,1,2,9,13,9', '2020-10-26 11:49:23'),
('D/BSE/19/0004', 'CS2000', '99', '65.4', '65.4', '65', '8,5,11,16,1,10', '2020-10-24 17:41:38'),
('D/BSE/19/0004', 'CS2011', '99', '69', '69', '69', '8,0,13,11,12,13', '2020-10-26 09:51:24'),
('D/BSE/19/0004', 'CS2912', '99', '69.6', '69.6', '70', '8,0,13,11,12,13', '2020-10-26 11:49:21'),
('D/BSE/19/0007', 'CS2000', '87', '54.1', '54.1', '54', '15,10,3,0,3,9', '2020-10-24 17:41:39'),
('D/BSE/19/0007', 'CS2011', '87', '45', '45', '45', '7,16,0,5,14,13', '2020-10-26 09:51:24'),
('D/BSE/19/0007', 'CS2912', '87', '64.6', '64.6', '65', '7,16,0,5,14,13', '2020-10-26 11:49:23'),
('D/BSE/19/0010', 'CS2000', '18', '41.1', '41.1', '41', '5,16,2,5,16,7', '2020-10-24 17:41:39'),
('D/BSE/19/0010', 'CS2011', '18', '35', '35', '35', '14,2,6,0,1,12', '2020-10-26 09:51:24'),
('D/BSE/19/0010', 'CS2912', '18', '29.9', '29.9', '30', '14,2,6,0,1,12', '2020-10-26 11:49:23'),
('D/BSE/19/0013', 'CS2000', '57', '40.900000000000006', '40.900000000000006', '41', '12,13,1,0,1,7', '2020-10-24 17:41:40'),
('D/BSE/19/0013', 'CS2011', '57', '47', '47', '47', '6,6,7,14,9,2', '2020-10-26 09:51:24'),
('D/BSE/19/0013', 'CS2912', '57', '47.900000000000006', '47.900000000000006', '48', '6,6,7,14,9,2', '2020-10-26 11:49:23'),
('D/BSE/19/0016', 'CS2000', '1', '26.900000000000002', '26.900000000000002', '27', '7,2,1,9,15,4', '2020-10-24 17:41:40'),
('D/BSE/19/0016', 'CS2011', '1', '40', '40', '40', '14,16,7,9,8,4', '2020-10-26 09:51:24'),
('D/BSE/19/0016', 'CS2912', '1', '40.9', '40.9', '41', '14,16,7,9,8,4', '2020-10-26 11:49:23'),
('D/BSE/19/0019', 'CS2000', '76', '63.400000000000006', '63.400000000000006', '63', '7,7,13,13,3,15', '2020-10-24 17:41:39'),
('D/BSE/19/0019', 'CS2011', '76', '55', '55', '55', '12,6,10,4,6,9', '2020-10-26 09:51:24'),
('D/BSE/19/0019', 'CS2912', '76', '55.7', '55.7', '56', '12,6,10,4,6,9', '2020-10-26 11:49:23'),
('D/BSE/19/0022', 'CS2000', '64', '61.900000000000006', '61.900000000000006', '62', '14,12,15,5,14,1', '2020-10-24 17:41:39'),
('D/BSE/19/0022', 'CS2011', '64', '37', '37', '37', '4,2,16,2,2,0', '2020-10-26 09:51:24'),
('D/BSE/19/0022', 'CS2912', '64', '37.4', '37.4', '37', '4,2,16,2,2,0', '2020-10-26 11:49:23'),
('D/BSE/19/0025', 'CS2000', '20', '50.8', '50.8', '51', '16,1,15,2,14,16', '2020-10-24 17:41:40'),
('D/BSE/19/0025', 'CS2011', '20', '27', '27', '27', '13,0,5,13,0,0', '2020-10-26 09:51:24'),
('D/BSE/19/0025', 'CS2912', '20', '27.7', '27.7', '28', '13,0,5,13,0,0', '2020-10-26 11:49:23'),
('D/BSE/19/0028', 'CS2000', '9', '41.900000000000006', '41.900000000000006', '42', '12,12,11,10,2,9', '2020-10-24 17:41:40'),
('D/BSE/19/0028', 'CS2011', '9', '25', '25', '25', '5,6,6,6,6,3', '2020-10-26 09:51:24'),
('D/BSE/19/0028', 'CS2912', '9', '25.099999999999998', '25.099999999999998', '25', '5,6,6,6,6,3', '2020-10-26 11:49:23'),
('D/BSE/19/0031', 'CS2000', '93', '43.3', '43.3', '43', '7,0,6,3,0,6', '2020-10-24 17:41:40'),
('D/BSE/19/0031', 'CS2011', '93', '67', '67', '67', '7,15,12,3,14,6', '2020-10-26 09:51:24'),
('D/BSE/19/0031', 'CS2912', '93', '67.8', '67.8', '68', '7,15,12,3,14,6', '2020-10-26 11:49:23'),
('D/BSE/19/0034', 'CS2000', '25', '43.9', '43.9', '44', '4,15,11,5,10,7', '2020-10-24 17:41:40'),
('D/BSE/19/0034', 'CS2011', '25', '43.9', '43.2', '44', '6,8,9,10,9,9', '2020-10-26 09:51:24'),
('D/BSE/19/0034', 'CS2912', '25', '43.2', '43.2', '43', '6,8,9,10,9,9', '2020-10-26 11:49:23'),
('D/BSE/19/0037', 'CS2000', '17', '42.2', '42.2', '42', '13,7,11,7,0,15', '2020-10-24 17:41:40'),
('D/BSE/19/0037', 'CS2011', '17', '42', '42', '42', '14,1,0,0,1,6', '2020-10-26 09:51:24'),
('D/BSE/19/0037', 'CS2912', '17', '20.5', '20.5', '21', '14,1,0,0,1,6', '2020-10-26 11:49:23'),
('D/BSE/19/0040', 'CS2000', '42', '51.1', '51.1', '51', '5,15,6,0,16,13', '2020-10-24 17:41:40'),
('D/BSE/19/0040', 'CS2011', '42', '51', '51', '51', '12,8,3,0,10,0', '2020-10-26 09:51:24'),
('D/BSE/19/0040', 'CS2912', '42', '35.7', '35.7', '36', '12,8,3,0,10,0', '2020-10-26 11:49:23'),
('D/BSE/19/0043', 'CS2000', '21', '40.599999999999994', '40.599999999999994', '41', '8,0,7,13,15,6', '2020-10-24 17:41:40'),
('D/BSE/19/0043', 'CS2011', '21', '46', '46', '46', '10,10,12,6,13,6', '2020-10-26 09:51:24'),
('D/BSE/19/0043', 'CS2912', '21', '46.199999999999996', '46.199999999999996', '46', '10,10,12,6,13,6', '2020-10-26 11:49:23'),
('D/BSE/19/0046', 'CS2000', '32', '44.6', '44.6', '45', '16,6,2,5,8,13', '2020-10-24 17:41:40'),
('D/BSE/19/0046', 'CS2011', '32', '33', '33', '33', '10,3,7,10,2,2', '2020-10-26 09:51:24'),
('D/BSE/19/0046', 'CS2912', '32', '33.4', '33.4', '33', '10,3,7,10,2,2', '2020-10-26 11:49:23'),
('D/BSE/19/0049', 'CS2000', '97', '67.6', '67.6', '68', '9,8,16,6,5,11', '2020-10-24 17:41:40'),
('D/BSE/19/0049', 'CS2011', '97', '64', '64', '64', '14,6,12,11,0,7', '2020-10-26 09:51:24'),
('D/BSE/19/0049', 'CS2912', '97', '64.1', '64.1', '64', '14,6,12,11,0,7', '2020-10-26 11:49:23'),
('D/BSE/19/0052', 'CS2000', '44', '53.099999999999994', '53.099999999999994', '53', '14,16,6,1,5,15', '2020-10-24 17:41:40'),
('D/BSE/19/0052', 'CS2011', '44', '39', '39', '39', '9,5,13,4,1,5', '2020-10-26 09:51:24'),
('D/BSE/19/0052', 'CS2912', '44', '39.099999999999994', '39.099999999999994', '39', '9,5,13,4,1,5', '2020-10-26 11:49:21'),
('D/BSE/19/0055', 'CS2000', '16', '25.8', '25.8', '26', '4,2,9,3,10,2', '2020-10-24 17:41:40'),
('D/BSE/19/0055', 'CS2011', '16', '25', '25', '25', '0,6,3,13,1,4', '2020-10-26 09:51:24'),
('D/BSE/19/0055', 'CS2912', '16', '23.7', '23.7', '24', '0,6,3,13,1,4', '2020-10-26 11:49:21'),
('D/BSE/19/0058', 'CS2000', '92', '57.7', '57.7', '58', '9,1,5,3,15,10', '2020-10-24 17:41:40'),
('D/BSE/19/0058', 'CS2011', '92', '25', '25', '25', '12,11,5,16,16,0', '2020-10-26 09:51:25'),
('D/BSE/19/0058', 'CS2912', '92', '69.6', '69.6', '70', '12,11,5,16,16,0', '2020-10-26 11:49:21'),
('D/BSE/19/0061', 'CS2000', '84', '49.7', '49.7', '50', '4,4,12,6,7,2', '2020-10-24 17:41:40'),
('D/BSE/19/0061', 'CS2011', '84', '77', '77', '77', '9,14,16,16,14,5', '2020-10-26 09:51:25'),
('D/BSE/19/0061', 'CS2912', '84', '77', '77', '77', '9,14,16,16,14,5', '2020-10-26 11:49:21'),
('D/BSE/19/0064', 'CS2000', '92', '70.30000000000001', '70.30000000000001', '70', '13,10,12,5,9,12', '2020-10-24 17:41:40'),
('D/BSE/19/0064', 'CS2011', '92', '65', '65', '65', '9,16,10,3,6,10', '2020-10-26 09:51:24'),
('D/BSE/19/0064', 'CS2912', '92', '65.4', '65.4', '65', '9,16,10,3,6,10', '2020-10-26 11:49:21'),
('D/BSE/19/0067', 'CS2000', '34', '34', '34', '34', '4,8,6,3,5,8', '2020-10-24 17:41:40'),
('D/BSE/19/0067', 'CS2011', '34', '34', '48.7', '', '16,5,5,10,16,3', '2020-10-26 09:51:24'),
('D/BSE/19/0067', 'CS2912', '34', '48.7', '48.7', '49', '16,5,5,10,16,3', '2020-10-26 11:49:21'),
('D/BSE/19/0070', 'CS2000', '42', '55.300000000000004', '55.300000000000004', '55', '13,12,6,6,11,13', '2020-10-24 17:41:40'),
('D/BSE/19/0070', 'CS2011', '42', '55.300000000000004', '39.9', '', '13,1,9,12,1,3', '2020-10-26 09:51:24'),
('D/BSE/19/0070', 'CS2912', '42', '39.9', '39.9', '40', '13,1,9,12,1,3', '2020-10-26 11:49:21'),
('D/BSE/19/0073', 'CS2000', '99', '51.4', '51.4', '51', '13,7,6,0,0,5', '2020-10-24 17:41:40'),
('D/BSE/19/0073', 'CS2011', '99', '51.4', '66.8', '', '16,1,12,13,0,11', '2020-10-26 09:51:25'),
('D/BSE/19/0073', 'CS2912', '99', '66.8', '66.8', '67', '16,1,12,13,0,11', '2020-10-26 11:49:21'),
('D/BSE/19/0076', 'CS2000', '98', '51.099999999999994', '51.099999999999994', '51', '16,1,1,9,1,3', '2020-10-24 17:41:40'),
('D/BSE/19/0076', 'CS2011', '98', '51.099999999999994', '56.7', '', '12,4,12,1,1,9', '2020-10-26 09:51:24'),
('D/BSE/19/0076', 'CS2912', '98', '56.7', '56.7', '57', '12,4,12,1,1,9', '2020-10-26 11:49:21'),
('D/BSE/19/0079', 'CS2000', '5', '27.4', '27.4', '27', '1,16,0,8,4,8', '2020-10-24 17:41:40'),
('D/BSE/19/0079', 'CS2011', '5', '27.4', '36.5', '', '5,1,11,12,7,14', '2020-10-26 09:51:25'),
('D/BSE/19/0079', 'CS2912', '5', '36.5', '36.5', '37', '5,1,11,12,7,14', '2020-10-26 11:49:21'),
('D/BSE/19/0082', 'CS2000', '11', '32.699999999999996', '32.699999999999996', '33', '6,0,8,13,11,4', '2020-10-24 17:41:40'),
('D/BSE/19/0082', 'CS2011', '11', '32.699999999999996', '39', '', '4,8,15,7,7,10', '2020-10-26 09:51:25'),
('D/BSE/19/0082', 'CS2912', '11', '39', '39', '39', '4,8,15,7,7,10', '2020-10-26 11:49:21'),
('D/BSE/19/0085', 'CS2000', '44', '44.7', '44.7', '45', '15,5,4,2,4,15', '2020-10-24 17:41:38'),
('D/BSE/19/0085', 'CS2011', '44', '44.7', '24.4', '', '2,3,2,4,1,4', '2020-10-26 09:51:25'),
('D/BSE/19/0085', 'CS2912', '44', '24.4', '24.4', '24', '2,3,2,4,1,4', '2020-10-26 11:49:21');

-- --------------------------------------------------------

--
-- Table structure for table `role`
--

CREATE TABLE `role` (
  `uid` varchar(30) NOT NULL,
  `mod_id` varchar(30) NOT NULL,
  `email` varchar(30) NOT NULL,
  `role` int(11) NOT NULL
) ENGINE=InnoDB DEFAULT CHARSET=utf8mb4;

--
-- Dumping data for table `role`
--

INSERT INTO `role` (`uid`, `mod_id`, `email`, `role`) VALUES
('zcYZU4H0ozOAqFGmCK7eiD6apxI2', 'CS2009', 'psmdesilva@gmail.com', 2),
('zZun0os4YkRStobl6BnYjdLDTgU2', 'CS2912', 'ppramudhi@ymail.com', 1);

-- --------------------------------------------------------

--
-- Table structure for table `student`
--

CREATE TABLE `student` (
  `uid` varchar(30) NOT NULL,
  `std_id` varchar(30) NOT NULL,
  `std_name` varchar(30) NOT NULL,
  `std_email` varchar(30) NOT NULL,
  `std_phone` varchar(30) NOT NULL
) ENGINE=InnoDB DEFAULT CHARSET=utf8mb4;

--
-- Dumping data for table `student`
--

INSERT INTO `student` (`uid`, `std_id`, `std_name`, `std_email`, `std_phone`) VALUES
('1QeCFjUaSTfUjZruc45Au1vRnkw2', 'D/BSE/19/0004', 'WD More', 'wdamore@yahoo.com', '762992256'),
('TcIzBEaAqffecfqGhjRgFJlX9Og1', 'D/BCE/19/0003', 'Dummy Student', 'chamathsasanka82@gmail.com', '789456215');

-- --------------------------------------------------------

--
-- Table structure for table `user`
--

CREATE TABLE `user` (
  `uid` varchar(30) NOT NULL,
  `displayName` varchar(30) NOT NULL,
  `email` varchar(30) NOT NULL,
  `photoURL` varchar(60) NOT NULL,
  `lastUpdate` timestamp NOT NULL DEFAULT current_timestamp()
) ENGINE=InnoDB DEFAULT CHARSET=utf8mb4;

--
-- Dumping data for table `user`
--

INSERT INTO `user` (`uid`, `displayName`, `email`, `photoURL`, `lastUpdate`) VALUES
('1QeCFjUaSTfUjZruc45Au1vRnkw2', '', 'wdamore@yahoo.com', '', '2020-10-26 10:23:01'),
('gaKETUsNigtROVmLoTMb', '', 'dummy_silva@dummy.com', '', '2020-10-24 17:07:44'),
('ji6JL2yD70YnW5dCWdIKUKu3nQB2', 'Tharindi Hansika', 'cgtharindi@gmail.com', 'https://lh3.googleusercontent.com/a-/AOh14GgB4KKQakFd5pul5pn', '2020-10-26 11:52:07'),
('LiFFK1tjvZU90bYWf9WV506Tvx73', 'Pramudhi Perera', 'ppramudhi@gmail.com', 'https://lh3.googleusercontent.com/-IOq-WCXfoG0/AAAAAAAAAAI/A', '2020-10-24 17:07:44'),
('Ls5DlM7fntRwWwYffxbTeWAw1HI3', 'Chamath Wanigasooriya', 'chamathwanigasooriya@gmail.com', 'https://lh3.googleusercontent.com/a-/AOh14Gimey8V7t-lkpis_Lc', '2020-10-26 11:59:48'),
('mJtVUbjnQGW8Fkvtmhdk3iqtj932', '', 'aceghost360@gmail.com', '', '2020-10-24 17:07:45'),
('mynGWNtUoKPMhug2cTEhL4mf5Og1', '', 'dummy_silva@dummy.com', '', '2020-10-24 17:07:45'),
('TcIzBEaAqffecfqGhjRgFJlX9Og1', 'Chamath Wanigasooriya', 'chamathsasanka82@gmail.com', 'https://lh3.googleusercontent.com/a-/AOh14GgnKEiQNczfx9G-tRw', '2020-10-24 17:07:44'),
('zcYZU4H0ozOAqFGmCK7eiD6apxI2', '', 'psmdesilva@gmail.com', '', '2020-10-24 17:07:44'),
('zZun0os4YkRStobl6BnYjdLDTgU2', '', 'ppramudhi@ymail.com', '', '2020-10-26 11:48:54');

--
-- Indexes for dumped tables
--

--
-- Indexes for table `department`
--
ALTER TABLE `department`
  ADD PRIMARY KEY (`dept_id`);

--
-- Indexes for table `lecturer`
--
ALTER TABLE `lecturer`
  ADD PRIMARY KEY (`lec_id`);

--
-- Indexes for table `lecturer_result`
--
ALTER TABLE `lecturer_result`
  ADD PRIMARY KEY (`lec_id`,`mod_id`);

--
-- Indexes for table `module`
--
ALTER TABLE `module`
  ADD PRIMARY KEY (`mod_id`,`lec_id`);

--
-- Indexes for table `result`
--
ALTER TABLE `result`
  ADD PRIMARY KEY (`st_id`,`mod_id`);

--
-- Indexes for table `role`
--
ALTER TABLE `role`
  ADD PRIMARY KEY (`uid`);

--
-- Indexes for table `student`
--
ALTER TABLE `student`
  ADD PRIMARY KEY (`uid`,`std_id`);

--
-- Indexes for table `user`
--
ALTER TABLE `user`
  ADD PRIMARY KEY (`uid`);
COMMIT;

/*!40101 SET CHARACTER_SET_CLIENT=@OLD_CHARACTER_SET_CLIENT */;
/*!40101 SET CHARACTER_SET_RESULTS=@OLD_CHARACTER_SET_RESULTS */;
/*!40101 SET COLLATION_CONNECTION=@OLD_COLLATION_CONNECTION */;
